name,description,url,image
ray work,Swivel chair 9220,/en/products/ray-work-swivel-chair/?variant=9220,https://live-brunner.pantheonsite.io/sites/default/files/styles/sm/public/images/brunner_ray_work_9220_midnight_blue_mit_rollen_im_product_grid.jpg.webp?itok=1BAJM3gj
ray,Conference chair 9252,/en/products/ray-conference-swivel-chair/?variant=9252,https://live-brunner.pantheonsite.io/sites/default/files/styles/sm/public/oldImages/63465_lm_product_grid_0000_ray_9252A_XL.jpg.webp?itok=k9dpQZwE
A-Chair,Stacking chair 9708,/en/products/a-chair-stacking-chair/?variant=9708,https://live-brunner.pantheonsite.io/sites/default/files/styles/sm/public/oldImages/63142_lm_product_grid_0002_A_Chair_9708_XL.jpg.webp?itok=y88AFxuR
nate s,Stacking chair 7702,/en/products/nate-s-stacking-chair/?variant=7702,https://live-brunner.pantheonsite.io/sites/default/files/styles/sm/public/oldImages/90470_lm_product_grid_nate_s_7702_ohne_Schatten_XL.jpg.webp?itok=LzX5mPdM
nate,Stacking chair 7602,/en/products/nate-stacking-chair/?variant=7602,https://live-brunner.pantheonsite.io/sites/default/files/styles/sm/public/oldImages/90333_lm_product_grid_nate_7602_ohne_Schatten_XL.jpg.webp?itok=WIfvv-KT
crona,chair with armrests 6367,/en/products/crona-chair-with-armrests/?variant=6367,https://live-brunner.pantheonsite.io/sites/default/files/styles/sm/public/oldImages/63207_lm_product_grid_0004_crona_6367A_XL.jpg.webp?itok=VL4eQ2zM
crona light,Chair with armrests 6311,/en/products/crona-light-chair-with-armrests/?variant=6311,https://live-brunner.pantheonsite.io/sites/default/files/styles/sm/public/oldImages/63220_lm_product_grid_0003_crona_light_6311A_black_cherry_XL.jpg.webp?itok=wlwekBBF
scoop,Shell chair 4813,/en/products/scoop-shell-chair/?variant=4813,https://live-brunner.pantheonsite.io/sites/default/files/styles/sm/public/images/4813-115453_brunner_scoop_4813_im_product_grid_xl.jpg.webp?itok=zzsQk3OR
invite,Upholstered chair 5924,/en/products/invite-upholstered-chair/?variant=5924,https://live-brunner.pantheonsite.io/sites/default/files/styles/sm/public/images/5924-110333_brunner_invite_5924_im_product_grid_xl.jpg.webp?itok=at46DqtB
halm,Stacking chair 3854,/en/products/halm-stacking-chair/?variant=3854,https://live-brunner.pantheonsite.io/sites/default/files/styles/sm/public/oldImages/63379_lm_product_grid_0000_halm_3854A_XL.jpg.webp?itok=3cut0kM8
hero plus,Stacking chair 4613,/en/products/hero-plus-stacking-chair-1/?variant=4613,https://live-brunner.pantheonsite.io/sites/default/files/styles/sm/public/oldImages/91723_lm_product_grid_hero_plus_4613_XL.jpg.webp?itok=HSFXudWw
hero plus flex,Stacking chair 4607,/en/products/hero-plus-flex-stacking-chair/?variant=4607,https://live-brunner.pantheonsite.io/sites/default/files/styles/sm/public/images/4607-110342_brunner_hero_plus_flex_4607_a46f_rechts_st46f_links_im_product_grid_xl.jpg.webp?itok=GX9SJWyu
fox,Stacking chair 1015,/en/products/fox-stacking-chair/?variant=1015,https://live-brunner.pantheonsite.io/sites/default/files/styles/sm/public/oldImages/63360_lm_product_grid_0011_fox_1015_40_front_schwarz_XL.jpg.webp?itok=RiinLap_
crona steel,Stacking chair 6340,/en/products/crona-steel-stacking-chair/?variant=6340,https://live-brunner.pantheonsite.io/sites/default/files/styles/sm/public/oldImages/63238_lm_product_grid_0001_crona_steel_6340_XL.jpg.webp?itok=8KbzEwc7
crona light bar,Bar stool 6310,/en/products/crona-light-bar-bar-stool/?variant=6310,https://live-brunner.pantheonsite.io/sites/default/files/styles/sm/public/oldImages/63223_lm_product_grid_0000_crona_light_bar_6310_XL.jpg.webp?itok=YNaPlmAm
hoc,Bar stool 9101,/en/products/hoc-bar-stool/?variant=9101,https://live-brunner.pantheonsite.io/sites/default/files/styles/sm/public/oldImages/63394_lm_product_grid_0002_hoc_9101_Eiche_XL.jpg.webp?itok=oZG8g0P2
pads,Lounge chair 1420-0110,/en/products/pads-lounge-stool/?variant=1420-0110,https://live-brunner.pantheonsite.io/sites/default/files/styles/sm/public/images/1420-0110-110358_brunner_pads_1420-0110_im_product_grid_xl.jpg.webp?itok=Ue3bWhjR
crona light lounge,Armchair 6356,/en/products/crona-light-lounge-armchair/?variant=6356,https://live-brunner.pantheonsite.io/sites/default/files/styles/sm/public/oldImages/91726_lm_product_grid_crona_light_lounge_6356_XL.jpg.webp?itok=_tVyp1AX
A-Lounge,Chair 9743,/en/products/a-lounge-chair/?variant=9743,https://live-brunner.pantheonsite.io/sites/default/files/styles/sm/public/oldImages/70220_lm_product_grid_0000_A_Lounge_9743_XL.jpg.webp?itok=UtMR60XK
ray soft lounge,Easy chair 9652,/en/products/ray-soft-lounge-easy-chair/?variant=9652,https://live-brunner.pantheonsite.io/sites/default/files/styles/sm/public/oldImages/104882_Brunner_lm_product_grid_ray_soft_lounge_9652_XL.jpg.webp?itok=hlmc5_3s
ray lounge,Seating 9241,/en/products/ray-lounge-seating/?variant=9241,https://live-brunner.pantheonsite.io/sites/default/files/styles/sm/public/oldImages/63471_lm_product_grid_0003_ray_lounge_9241_2947_XL.jpg.webp?itok=wgdzRxrR
oval,Bench 1502-0210,/en/products/oval-bench/?variant=1502-0210,https://live-brunner.pantheonsite.io/sites/default/files/styles/sm/public/oldImages/105041_Brunner_lm_product_grid_oval_1502-0210_XL.jpg.webp?itok=ydL_I-Cq
pads,Stool 1402-0000,/en/products/pads-stool-0/?variant=1402-0000,https://live-brunner.pantheonsite.io/sites/default/files/styles/sm/public/oldImages/91183_lm_product_grid_pads_Konfiguration_1402-0000_XL.jpg.webp?itok=lotR_9GJ
banc,Cabin  BC-3200,/en/products/banc-cabin/?variant=BC-3200,https://live-brunner.pantheonsite.io/sites/default/files/styles/sm/public/oldImages/64074_lm_product_grid_0007_banc_BC3200_XL.jpg.webp?itok=N1L7SbRx
artemo,Lounge furniture  9932,/en/products/artemo-lounge-furniture/?variant=9932,https://live-brunner.pantheonsite.io/sites/default/files/styles/sm/public/oldImages/62096_lm_product_grid_0001_artemo_9932A_XL.jpg.webp?itok=amkwieOr
banc,système lounge BC-H70,/en/products/banc-système-lounge/?variant=BC-H70,https://live-brunner.pantheonsite.io/sites/default/files/styles/sm/public/oldImages/72181_lm_product_grid_0012_BCH70_mitGestell_XL.jpg.webp?itok=7u6zXHoH
boards,Stool BO200,/en/products/boards-stool/?variant=BO200,https://live-brunner.pantheonsite.io/sites/default/files/styles/sm/public/oldImages/104888_Brunner_lm_product_grid_boards_BO200_XL.jpg.webp?itok=lGZRfvXj
buena nova,stacking chair  326,/en/products/buena-nova-stacking-chair/?variant=326,https://live-brunner.pantheonsite.io/sites/default/files/styles/sm/public/oldImages/63191_lm_product_grid_0010_buena_nova_326B_XL.jpg.webp?itok=MiLf0rBX
buena nova,high-back chair 340,/en/products/buena-nova-high-back-chair/?variant=340,https://live-brunner.pantheonsite.io/sites/default/files/styles/sm/public/oldImages/63187_lm_product_grid_0006_buena_nova_340AB_XL.jpg.webp?itok=3Jspr_1k
buena nova,reclining chair  356,/en/products/buena-nova-reclining-chair/?variant=356,https://live-brunner.pantheonsite.io/sites/default/files/styles/sm/public/oldImages/63184_lm_product_grid_0003_buena_nova_356V_XL.jpg.webp?itok=z8fdq6fk
cellular,Lounge chair CE-0100,/en/products/cellular-lounge-chair/?variant=CE-0100,https://live-brunner.pantheonsite.io/sites/default/files/styles/sm/public/oldImages/64079_lm_product_grid_0004_cellular_CE0100_XL.jpg.webp?itok=jvapgFh5
cellular,Sofa  CE-2300,/en/products/cellular-sofa/?variant=CE-2300,https://live-brunner.pantheonsite.io/sites/default/files/styles/sm/public/oldImages/68376_lm_product_grid_0007_cellular_CE2300_XL.jpg.webp?itok=sybYT3N3
crona,Chair 6375,/en/products/crona-chair/?variant=6375,https://live-brunner.pantheonsite.io/sites/default/files/styles/sm/public/oldImages/63204_lm_product_grid_0001_crona_6375_XL.jpg.webp?itok=jiE1we8n
crona bar,bar stool 6379,/en/products/crona-bar-bar-stool/?variant=6379,https://live-brunner.pantheonsite.io/sites/default/files/styles/sm/public/oldImages/63213_lm_product_grid_0000_crona_bar_6379_XL.jpg.webp?itok=81v5in1F
crona light,Chair 6306,/en/products/crona-light-chair/?variant=6306,https://live-brunner.pantheonsite.io/sites/default/files/styles/sm/public/oldImages/63221_lm_product_grid_0004_Ebene%201_XL.jpg.webp?itok=2VSmPvRZ
crona light bar,Bar stool  6308,/en/products/crona-light-bar-bar-stool/?variant=6308,https://live-brunner.pantheonsite.io/sites/default/files/styles/sm/public/oldImages/63225_lm_product_grid_0002_crona_light_bar_6308_XL.jpg.webp?itok=GAB0abyU
crona light lounge,Sessel 6357,/en/products/crona-light-lounge-armchair/?variant=6357,https://live-brunner.pantheonsite.io/sites/default/files/styles/sm/public/oldImages/90343_lm_product_grid_crona_light_lounge_XL.jpg.webp?itok=pj3FugAa
crona lounge,armchair 6387,/en/products/crona-lounge-armchair/?variant=6387,https://live-brunner.pantheonsite.io/sites/default/files/styles/sm/public/oldImages/63232_lm_product_grid_0006_crona_lounge_6387A_XL.jpg.webp?itok=u8Ey6FPr
crona lounge,Sofa 6388,/en/products/crona-lounge-sofa/?variant=6388,https://live-brunner.pantheonsite.io/sites/default/files/styles/sm/public/oldImages/63230_lm_product_grid_0004_crona_lounge_6388A_XL.jpg.webp?itok=jJpLSPLs
crona steel,Bar tool 6341,/en/products/crona-steel-bar-tool/?variant=6341,https://live-brunner.pantheonsite.io/sites/default/files/styles/sm/public/oldImages/84395_lm_product_grid_crona_steel_6341_XL.jpg.webp?itok=Pvp-91Bz
crona up,Upholstered chair 6321,/en/products/crona-up-upholstered-chair/?variant=6321,https://live-brunner.pantheonsite.io/sites/default/files/styles/sm/public/oldImages/90360_lm_product_grid_crona_up_6321_XL.jpg.webp?itok=dHd8EVLR
dress,Standing aid  7001,/en/products/dress-standing-aid/?variant=7001,https://live-brunner.pantheonsite.io/sites/default/files/styles/sm/public/oldImages/63243_lm_product_grid_0000_dress_7001_hoehenverstellbar_XL.jpg.webp?itok=7zTKIl3s
due,bar stool  3801,/en/products/due-bar-stool/?variant=3801,https://live-brunner.pantheonsite.io/sites/default/files/styles/sm/public/oldImages/63265_lm_product_grid_0005_due_3801_XL.jpg.webp?itok=RBXa55hM
due,Bistro chair 3808,/en/products/due-bistro-chair/?variant=3808,https://live-brunner.pantheonsite.io/sites/default/files/styles/sm/public/oldImages/63264_lm_product_grid_0004_due_3808_XL.jpg.webp?itok=uvawaQ58
feel,Stacking chair 8640,/en/products/feel-stacking-chair/?variant=8640,https://live-brunner.pantheonsite.io/sites/default/files/styles/sm/public/oldImages/104895_Brunner_lm_product_grid_feel_8640_XL.jpg.webp?itok=DrsI1YrZ
feel,Recliner chair 8656,/en/products/feel-armchair/?variant=8656,https://live-brunner.pantheonsite.io/sites/default/files/styles/sm/public/oldImages/104897_Brunner_lm_product_grid_feel_8656_XL.jpg.webp?itok=YumIQ1zK
fina,Wooden shell chair 6408,/en/products/fina-wooden-shell-chair-0/?variant=6408,https://live-brunner.pantheonsite.io/sites/default/files/styles/sm/public/oldImages/63266_lm_product_grid_0000_fina_6408_Eiche_XL.jpg.webp?itok=_kRqDbOe
fina bar,bar stool 6401,/en/products/fina-bar-bar-stool/?variant=6401,https://live-brunner.pantheonsite.io/sites/default/files/styles/sm/public/oldImages/63281_lm_product_grid_0001_fina_bar_6401_XL.jpg.webp?itok=cDTm_RhW
fina club,Armchair 6861,/en/products/fina-club-armchair/?variant=6861,https://live-brunner.pantheonsite.io/sites/default/files/styles/sm/public/oldImages/63288_lm_product_grid_0002_fina_club_6861A_XL.jpg.webp?itok=VqYhI9om
fina lounge,Armchair 6742,/en/products/fina-lounge-armchair/?variant=6742,https://live-brunner.pantheonsite.io/sites/default/files/styles/sm/public/oldImages/63297_lm_product_grid_0005_finalounge_6742_XL.jpg.webp?itok=0UWXH9GZ
fina soft,chair with medium height back 6722,/en/products/fina-soft-chair-with-medium-height-back/?variant=6722,https://live-brunner.pantheonsite.io/sites/default/files/styles/sm/public/oldImages/63319_lm_product_grid_0014_fina_soft_6722_rollen_XL.jpg.webp?itok=-ddfpqmN
fina soft,High-back chair 6732,/en/products/fina-soft-high-back-chair/?variant=6732,https://live-brunner.pantheonsite.io/sites/default/files/styles/sm/public/oldImages/63313_lm_product_grid_0008_fina_soft_6732_XL.jpg.webp?itok=6n50j2Js
fina wood,chair with medium height back 6822,/en/products/fina-wood-chair-with-medium-height-back/?variant=6822,https://live-brunner.pantheonsite.io/sites/default/files/styles/sm/public/oldImages/68133_lm_product_grid_XXXX_Fina_Wood_6822_Eiche_Remix2_weiss_RGB_XL.jpg.webp?itok=PKJUn6qc
first class,stacking chair 4502,/en/products/first-class-stacking-chair/?variant=4502,https://live-brunner.pantheonsite.io/sites/default/files/styles/sm/public/oldImages/63328_lm_product_grid_0001_first_class_4502_XL.jpg.webp?itok=D3e5OXVs
first line,Stacking chair 4506,/en/products/first-line-stacking-chair/?variant=4506,https://live-brunner.pantheonsite.io/sites/default/files/styles/sm/public/oldImages/63330_lm_product_grid_0001_first_line_4506A_XL.jpg.webp?itok=sNylsqn3
first place,Stacking chair 4525,/en/products/first-place-stacking-chair/?variant=4525,https://live-brunner.pantheonsite.io/sites/default/files/styles/sm/public/oldImages/90330_lm_product_grid_first_place_4525_ohne_Schatten_XL.jpg.webp?itok=iuWPwYGz
fox,Bar stool 1011,/en/products/fox-bar-bar-stool/?variant=1011,https://live-brunner.pantheonsite.io/sites/default/files/styles/sm/public/oldImages/63363_lm_product_grid_0014_fox_1011_front_Buche_XL.jpg.webp?itok=atTS0FqO
fox,Stacking chair 1030,/en/products/fox-stacking-chair/?variant=1030,https://live-brunner.pantheonsite.io/sites/default/files/styles/sm/public/oldImages/63353_lm_product_grid_0004_fox_1030_135_XL.jpg.webp?itok=AgGXmGju
fox,Swivel chair 192,/en/products/fox-swivel-chair/?variant=192,https://live-brunner.pantheonsite.io/sites/default/files/styles/sm/public/oldImages/63365_lm_product_grid_0016_fox_192_front_Buche_XL.jpg.webp?itok=gvurSxJ9
hero,Stacking chair 4604,/en/products/hero-stacking-chair/?variant=4604,https://live-brunner.pantheonsite.io/sites/default/files/styles/sm/public/oldImages/63386_lm_product_grid_0002_hero_4604_61_XL.jpg.webp?itok=2RwB6E5O
hero plus,Stacking chair 4609,/en/products/hero-plus-stacking-chair/?variant=4609,https://live-brunner.pantheonsite.io/sites/default/files/styles/sm/public/oldImages/86248_Im_product_grid_hero_plus_mesh_4609_XL.jpg.webp?itok=zN5GDMef
hero plus,Stacking chair 4623,/en/products/hero-plus-stacking-chair-1/?variant=4623,https://live-brunner.pantheonsite.io/sites/default/files/styles/sm/public/oldImages/89819_lm_product_grid_hero_plus_4603_XL.jpg.webp?itok=kSZa7yTn
hero plus,stacking chair 4628,/en/products/hero-plus-stacking-chair-0/?variant=4628,https://live-brunner.pantheonsite.io/sites/default/files/styles/sm/public/oldImages/63390_lm_product_grid_0002_hero_plus_4628_XL.jpg.webp?itok=QlFLHE5v
hero plus flex,Stacking chair 4615,/en/products/hero-plus-flex-stacking-chair-0/?variant=4615,https://live-brunner.pantheonsite.io/sites/default/files/styles/sm/public/images/4615-110343_brunner_hero_plus_flex_4615_a46f_beidseitig_im_product_grid_xl.jpg.webp?itok=T4rTJKJn
hoc,Lounge furniture 9146,/en/products/hoc-lounge-furniture/?variant=9146,https://live-brunner.pantheonsite.io/sites/default/files/styles/sm/public/oldImages/63393_lm_product_grid_0001_hoc_9146_XL.jpg.webp?itok=NmLI_NJK
hoc,Seating 9149,/en/products/hoc-seating-0/?variant=9149,https://live-brunner.pantheonsite.io/sites/default/files/styles/sm/public/oldImages/63392_lm_product_grid_0000_hoc_9149_XL.jpg.webp?itok=h5V9ol2o
hoc,seating 9142,/en/products/hoc-seating/?variant=9142,https://live-brunner.pantheonsite.io/sites/default/files/styles/sm/public/oldImages/68633_lm_product_grid_0008_hoc_9142_XL.jpg.webp?itok=TJgVMYyI
invite,Upholstered chair 5922,/en/products/invite-upholstered-chair/?variant=5922,https://live-brunner.pantheonsite.io/sites/default/files/styles/sm/public/images/5922-110332_brunner_invite_5922_im_product_grid_xl.jpg.webp?itok=Lc-weqnQ
jump,stacking chair 412,/en/products/jump-stacking-chair/?variant=412,https://live-brunner.pantheonsite.io/sites/default/files/styles/sm/public/oldImages/63402_lm_product_grid_0003_jump_412A_XL.jpg.webp?itok=KVB5Ka48
linos,Stacking chair plastic 1206,/en/products/linos-stacking-chair-plastic/?variant=1206,https://live-brunner.pantheonsite.io/sites/default/files/styles/sm/public/oldImages/63412_lm_product_grid_0008_linos_1206_XL.jpg.webp?itok=Me7Ob_Ia
linos,stacking chair wood 1224,/en/products/linos-stacking-chair-wood/?variant=1224,https://live-brunner.pantheonsite.io/sites/default/files/styles/sm/public/oldImages/63405_lm_product_grid_0001_linos_1224_XL.jpg.webp?itok=o3lFOAd5
magna,stacking chair plastic 4016,/en/products/magna-stacking-chair-plastic/?variant=4016,https://live-brunner.pantheonsite.io/sites/default/files/styles/sm/public/oldImages/68140_lm_product_grid_XXXX_Magna_4016_Lava_Chrome_Remix2-133_weiss_RGB_XL.jpg.webp?itok=IrhCOoeS
milanolight comfort,Upholstered chair 5228,/en/products/milanolight-comfort-upholstered-chair/?variant=5228,https://live-brunner.pantheonsite.io/sites/default/files/styles/sm/public/oldImages/63435_lm_product_grid_0002_milanolight_comfort_5228_XL.jpg.webp?itok=3rcwD-8m
mudra,Stacking chair 8804,/en/products/mudra-stacking-chair/?variant=8804,https://live-brunner.pantheonsite.io/sites/default/files/styles/sm/public/oldImages/95814_Brunner_mudra_8804_ProdctgridImage_XL.jpg.webp?itok=2OMOCfsr
nate,Bar stool 7601,/en/products/nate-bar-stool/?variant=7601,https://live-brunner.pantheonsite.io/sites/default/files/styles/sm/public/oldImages/90332_lm_product_grid_nate_7601_ohne_Schatten_XL.jpg.webp?itok=GmmwnASJ
nate s,Bar stool 7701,/en/products/nate-s-bar-stool/?variant=7701,https://live-brunner.pantheonsite.io/sites/default/files/styles/sm/public/oldImages/90469_lm_product_grid_nate_s_7701_ohne_Schatten_XL.jpg.webp?itok=RPER6KT5
oval,Single-seater 1501-0300,/en/products/oval-single-seater/?variant=1501-0300,https://live-brunner.pantheonsite.io/sites/default/files/styles/sm/public/oldImages/105051_Brunner_lm_product_grid_oval_1501-0300_XL.jpg.webp?itok=wBrymB8A
oval,Bench 1502-0120,/en/products/oval-bench/?variant=1502-0120,https://live-brunner.pantheonsite.io/sites/default/files/styles/sm/public/oldImages/105040_Brunner_lm_product_grid_oval_1502-0120_XL.jpg.webp?itok=MnS5vQ7o
oval,Lounge system 1505-1150,/en/products/oval-lounge-system/?variant=1505-1150,https://live-brunner.pantheonsite.io/sites/default/files/styles/sm/public/oldImages/105045_Brunner_lm_product_grid_oval_1505-1150_XL.jpg.webp?itok=AdFWm9e1
oval,Cabin 1530-0100,/en/products/oval-cabin/?variant=1530-0100,https://live-brunner.pantheonsite.io/sites/default/files/styles/sm/public/oldImages/105048_Brunner_lm_product_grid_oval_1530-0100_XL.jpg.webp?itok=nWTat2WL
pads,Stool 1400-0310,/en/products/pads-stool/?variant=1400-0310,https://live-brunner.pantheonsite.io/sites/default/files/styles/sm/public/oldImages/91176_lm_product_grid_pads_1400-0310_XL.jpg.webp?itok=CroVmhsq
pads,Lounge chair 1420-0120,/en/products/pads-lounge-stool/?variant=1420-0120,https://live-brunner.pantheonsite.io/sites/default/files/styles/sm/public/images/1420-0120-110359_brunner_pads_1420-0120_im_product_grid_xl.jpg.webp?itok=a1_1orqs
pheno,Cantilever chair 1076,/en/products/pheno-cantilever-chair/?variant=1076,https://live-brunner.pantheonsite.io/sites/default/files/styles/sm/public/oldImages/63445_lm_product_grid_0000_pheno_1076A_Freisteller_XL.jpg.webp?itok=RYl5LnaW
plot,Stool PL060,/en/products/plot-stool/?variant=PL060,https://live-brunner.pantheonsite.io/sites/default/files/styles/sm/public/oldImages/63456_lm_product_grid_0000_plot_PL060_XL.jpg.webp?itok=jOZZVvIm
plot,Système lounge PL510,/en/products/plot-système-lounge/?variant=PL510,https://live-brunner.pantheonsite.io/sites/default/files/styles/sm/public/oldImages/63459_lm_product_grid_0003_plot_PL510_XL.jpg.webp?itok=6qnOFiuj
prime,Stacking chair 1090,/en/products/prime-stacking-chair/?variant=1090,https://live-brunner.pantheonsite.io/sites/default/files/styles/sm/public/oldImages/63461_lm_product_grid_0003_prime_1090_XL.jpg.webp?itok=4L_qWc4f
ray lounge,Ottoman 9247,/en/products/ray-lounge-ottoman/?variant=9247,https://live-brunner.pantheonsite.io/sites/default/files/styles/sm/public/oldImages/63469_lm_product_grid_0001_ray_lounge_9241_2947_XL.jpg.webp?itok=dSMyaK2R
ray lounge,seating 9245,/en/products/ray-lounge-seating-0/?variant=9245,https://live-brunner.pantheonsite.io/sites/default/files/styles/sm/public/oldImages/70778_lm_product_grid_0001_RayLounge_Mixed_aufWeiss_RGB_XL.jpg.webp?itok=WGb6WEE6
ray soft,Bar stool 9643,/en/products/ray-soft-bar-stool/?variant=9643,https://live-brunner.pantheonsite.io/sites/default/files/styles/sm/public/oldImages/94187_lm_product_grid_ray_soft_9643_XL.jpg.webp?itok=mAqQ_rk-
ray soft,Upholstered chair 9664,/en/products/ray-soft-upholstered-chair-1/?variant=9664,https://live-brunner.pantheonsite.io/sites/default/files/styles/sm/public/oldImages/71076_lm_product_grid_Stuehle_0012_RaySoft_9614A_XL.jpg.webp?itok=uEPrNobh
ray soft,upholstered chair 9624,/en/products/ray-soft-upholstered-chair-0/?variant=9624,https://live-brunner.pantheonsite.io/sites/default/files/styles/sm/public/oldImages/70773_lm_product_grid_Stuehle_0006_RaySoft_9624A_Kufe_aufWeiss_RGB_XL.jpg.webp?itok=Ew2JmT_R
ray soft,Swivel chair  9639,/en/products/ray-soft-upholstered-chair/?variant=9639,https://live-brunner.pantheonsite.io/sites/default/files/styles/sm/public/oldImages/115684_Brunner_lm_product_grid_ray_soft_9639_XL.jpg.webp?itok=Rk2aQU3X
ray soft lounge,Easy chair 9653,/en/products/ray-soft-lounge-ottoman/?variant=9653,https://live-brunner.pantheonsite.io/sites/default/files/styles/sm/public/oldImages/104883_Brunner_lm_product_grid_ray_soft_lounge_9653_XL.jpg.webp?itok=kW2dcjop
ray soft lounge,Easy chair 9655,/en/products/ray-soft-lounge-easy-chair/?variant=9655,https://live-brunner.pantheonsite.io/sites/default/files/styles/sm/public/oldImages/104885_Brunner_lm_product_grid_ray_soft_lounge_9655_XL.jpg.webp?itok=QguIfsyb
scoop,Shell chair 4812,/en/products/scoop-shell-chair/?variant=4812,https://live-brunner.pantheonsite.io/sites/default/files/styles/sm/public/images/4812-115449_brunner_scoop_4812_im_product_grid_xl.jpg.webp?itok=nBDQc9Si
scoop bar,Bar stool  4874,/en/products/scoop-bar-bar-stool/?variant=4874,https://live-brunner.pantheonsite.io/sites/default/files/styles/sm/public/images/4874-115470_brunner_scoop_bar_4874_im_product_grid_xl.jpg.webp?itok=41CiJL8n
sonato,stacking chair 8524,/en/products/sonato-stacking-chair/?variant=8524,https://live-brunner.pantheonsite.io/sites/default/files/styles/sm/public/oldImages/63486_lm_product_grid_0011_sonato_8524_XL.jpg.webp?itok=OC1cROYF
sonato,high-back chair 8534,/en/products/sonato-high-back-chair/?variant=8534,https://live-brunner.pantheonsite.io/sites/default/files/styles/sm/public/oldImages/63488_lm_product_grid_0013_sonato_8534AB_XL.jpg.webp?itok=_fqVoPGE
sonato,seating 8541,/en/products/sonato-seating-0/?variant=8541,https://live-brunner.pantheonsite.io/sites/default/files/styles/sm/public/oldImages/63489_lm_product_grid_0014_sonato_8541A_XL.jpg.webp?itok=L-MI06PJ
taceo,seating 8331,/en/products/taceo-seating/?variant=8331,https://live-brunner.pantheonsite.io/sites/default/files/styles/sm/public/oldImages/68150_lm_product_grid_XXXX_Taceo_8331A_Buche_Revive2_weiss_RGB_XL.jpg.webp?itok=1FiwCkKp
taceo,reclining chair 8356,/en/products/taceo-reclining-chair/?variant=8356,https://live-brunner.pantheonsite.io/sites/default/files/styles/sm/public/oldImages/63509_lm_product_grid_0011_taceo_8356V_XL.jpg.webp?itok=_9rf1XGB
taceo,lounge furniture 8361,/en/products/taceo-lounge-furniture-0/?variant=8361,https://live-brunner.pantheonsite.io/sites/default/files/styles/sm/public/oldImages/68151_lm_product_grid_XXXX_Taceo_8361A_Buche_Remix_weiss_RGB_XL.jpg.webp?itok=PUMg8AhE
timber,Bench TI400,/en/products/timber-bench/?variant=TI400,https://live-brunner.pantheonsite.io/sites/default/files/styles/sm/public/oldImages/63513_lm_product_grid_0000_timber_TI400_XL.jpg.webp?itok=eS22Vc3p
too,Swivel chair 152,/en/products/too-swivel-chair/?variant=152,https://live-brunner.pantheonsite.io/sites/default/files/styles/sm/public/oldImages/112369_Brunner_lm_product_grid_too_152_XL.jpg.webp?itok=j8IuUXzY
too 2.0,swivel chair with mesh back 154,/en/products/too-20-swivel-chair-with-mesh-back/?variant=154,https://live-brunner.pantheonsite.io/sites/default/files/styles/sm/public/images/154-63518_lm_product_grid_0001_too_2.0_154m_m_xl.jpg.webp?itok=IfmhGY9d
too 2.0,visitor chair with mesh back  258,/en/products/too-20-visitor-chair-with-mesh-back/?variant=258,https://live-brunner.pantheonsite.io/sites/default/files/styles/sm/public/oldImages/63517_lm_product_grid_0000_too2_258A_XL.jpg.webp?itok=cHHq81P5
tool 2,Stacking chair 1330,/en/products/tool-2-stacking-chair/?variant=1330,https://live-brunner.pantheonsite.io/sites/default/files/styles/sm/public/oldImages/63522_lm_product_grid_0002_tool2_1330_50_XL.jpg.webp?itok=I93OJbwm
torras,reclining chair 8000,/en/products/torras-reclining-chair/?variant=8000,https://live-brunner.pantheonsite.io/sites/default/files/styles/sm/public/oldImages/63534_lm_product_grid_0000_torras_8000V_XL.jpg.webp?itok=B3s-ow3I
twin,plastic chair 3104,/en/products/twin-plastic-chair/?variant=3104,https://live-brunner.pantheonsite.io/sites/default/files/styles/sm/public/oldImages/98311_Brunner_lm_product_grid_twin_3104_XL.jpg.webp?itok=S9ZAQLjC
verona,bench 5304,/en/products/verona-bench/?variant=5304,https://live-brunner.pantheonsite.io/sites/default/files/styles/sm/public/oldImages/96888_Brunner_lm_product_grid_verona_5304_XL.jpg.webp?itok=b0dOVM_N
wait,Beam seating system 10103,/en/products/wait-beam-seating-system/?variant=10103,https://live-brunner.pantheonsite.io/sites/default/files/styles/sm/public/images/10103-115502_brunner_wait_traversenbank_10103_hero_plus_im_product_grid_xl.jpg.webp?itok=tWmzSyPJ
wellano,seating 9955,/en/products/wellano-seating/?variant=9955,https://live-brunner.pantheonsite.io/sites/default/files/styles/sm/public/oldImages/63563_lm_product_grid_0001_wellano_9955A_XL.jpg.webp?itok=jqOZlcA3
window,seating 3441,/en/products/window-seating/?variant=3441,https://live-brunner.pantheonsite.io/sites/default/files/styles/sm/public/oldImages/63575_lm_product_grid_0011_window_3441A_XL.jpg.webp?itok=4uBvbgQw
window,reclining chair 3456,/en/products/window-reclining-chair/?variant=3456,https://live-brunner.pantheonsite.io/sites/default/files/styles/sm/public/oldImages/63574_lm_product_grid_0010_window_3456V_XL.jpg.webp?itok=aJWQuKwO
